<?xml version="1.0" encoding="UTF-8"?>
<spirit:component xmlns:xilinx="http://www.xilinx.com" xmlns:spirit="http://www.spiritconsortium.org/XMLSchema/SPIRIT/1685-2009" xmlns:xsi="http://www.w3.org/2001/XMLSchema-instance">
  <spirit:vendor>user.org</spirit:vendor>
  <spirit:library>user</spirit:library>
  <spirit:name>myip</spirit:name>
  <spirit:version>1.0</spirit:version>
  <spirit:busInterfaces>
    <spirit:busInterface>
      <spirit:name>S00_AXI</spirit:name>
      <spirit:busType spirit:vendor="xilinx.com" spirit:library="interface" spirit:name="aximm" spirit:version="1.0"/>
      <spirit:abstractionType spirit:vendor="xilinx.com" spirit:library="interface" spirit:name="aximm_rtl" spirit:version="1.0"/>
      <spirit:slave>
        <spirit:memoryMapRef spirit:memoryMapRef="S00_AXI"/>
      </spirit:slave>
      <spirit:portMaps>
        <spirit:portMap>
          <spirit:logicalPort>
            <spirit:name>AWADDR</spirit:name>
          </spirit:logicalPort>
          <spirit:physicalPort>
            <spirit:name>s00_axi_awaddr</spirit:name>
          </spirit:physicalPort>
        </spirit:portMap>
        <spirit:portMap>
          <spirit:logicalPort>
            <spirit:name>AWPROT</spirit:name>
          </spirit:logicalPort>
          <spirit:physicalPort>
            <spirit:name>s00_axi_awprot</spirit:name>
          </spirit:physicalPort>
        </spirit:portMap>
        <spirit:portMap>
          <spirit:logicalPort>
            <spirit:name>AWVALID</spirit:name>
          </spirit:logicalPort>
          <spirit:physicalPort>
            <spirit:name>s00_axi_awvalid</spirit:name>
          </spirit:physicalPort>
        </spirit:portMap>
        <spirit:portMap>
          <spirit:logicalPort>
            <spirit:name>AWREADY</spirit:name>
          </spirit:logicalPort>
          <spirit:physicalPort>
            <spirit:name>s00_axi_awready</spirit:name>
          </spirit:physicalPort>
        </spirit:portMap>
        <spirit:portMap>
          <spirit:logicalPort>
            <spirit:name>WDATA</spirit:name>
          </spirit:logicalPort>
          <spirit:physicalPort>
            <spirit:name>s00_axi_wdata</spirit:name>
          </spirit:physicalPort>
        </spirit:portMap>
        <spirit:portMap>
          <spirit:logicalPort>
            <spirit:name>WSTRB</spirit:name>
          </spirit:logicalPort>
          <spirit:physicalPort>
            <spirit:name>s00_axi_wstrb</spirit:name>
          </spirit:physicalPort>
        </spirit:portMap>
        <spirit:portMap>
          <spirit:logicalPort>
            <spirit:name>WVALID</spirit:name>
          </spirit:logicalPort>
          <spirit:physicalPort>
            <spirit:name>s00_axi_wvalid</spirit:name>
          </spirit:physicalPort>
        </spirit:portMap>
        <spirit:portMap>
          <spirit:logicalPort>
            <spirit:name>WREADY</spirit:name>
          </spirit:logicalPort>
          <spirit:physicalPort>
            <spirit:name>s00_axi_wready</spirit:name>
          </spirit:physicalPort>
        </spirit:portMap>
        <spirit:portMap>
          <spirit:logicalPort>
            <spirit:name>BRESP</spirit:name>
          </spirit:logicalPort>
          <spirit:physicalPort>
            <spirit:name>s00_axi_bresp</spirit:name>
          </spirit:physicalPort>
        </spirit:portMap>
        <spirit:portMap>
          <spirit:logicalPort>
            <spirit:name>BVALID</spirit:name>
          </spirit:logicalPort>
          <spirit:physicalPort>
            <spirit:name>s00_axi_bvalid</spirit:name>
          </spirit:physicalPort>
        </spirit:portMap>
        <spirit:portMap>
          <spirit:logicalPort>
            <spirit:name>BREADY</spirit:name>
          </spirit:logicalPort>
          <spirit:physicalPort>
            <spirit:name>s00_axi_bready</spirit:name>
          </spirit:physicalPort>
        </spirit:portMap>
        <spirit:portMap>
          <spirit:logicalPort>
            <spirit:name>ARADDR</spirit:name>
          </spirit:logicalPort>
          <spirit:physicalPort>
            <spirit:name>s00_axi_araddr</spirit:name>
          </spirit:physicalPort>
        </spirit:portMap>
        <spirit:portMap>
          <spirit:logicalPort>
            <spirit:name>ARPROT</spirit:name>
          </spirit:logicalPort>
          <spirit:physicalPort>
            <spirit:name>s00_axi_arprot</spirit:name>
          </spirit:physicalPort>
        </spirit:portMap>
        <spirit:portMap>
          <spirit:logicalPort>
            <spirit:name>ARVALID</spirit:name>
          </spirit:logicalPort>
          <spirit:physicalPort>
            <spirit:name>s00_axi_arvalid</spirit:name>
          </spirit:physicalPort>
        </spirit:portMap>
        <spirit:portMap>
          <spirit:logicalPort>
            <spirit:name>ARREADY</spirit:name>
          </spirit:logicalPort>
          <spirit:physicalPort>
            <spirit:name>s00_axi_arready</spirit:name>
          </spirit:physicalPort>
        </spirit:portMap>
        <spirit:portMap>
          <spirit:logicalPort>
            <spirit:name>RDATA</spirit:name>
          </spirit:logicalPort>
          <spirit:physicalPort>
            <spirit:name>s00_axi_rdata</spirit:name>
          </spirit:physicalPort>
        </spirit:portMap>
        <spirit:portMap>
          <spirit:logicalPort>
            <spirit:name>RRESP</spirit:name>
          </spirit:logicalPort>
          <spirit:physicalPort>
            <spirit:name>s00_axi_rresp</spirit:name>
          </spirit:physicalPort>
        </spirit:portMap>
        <spirit:portMap>
          <spirit:logicalPort>
            <spirit:name>RVALID</spirit:name>
          </spirit:logicalPort>
          <spirit:physicalPort>
            <spirit:name>s00_axi_rvalid</spirit:name>
          </spirit:physicalPort>
        </spirit:portMap>
        <spirit:portMap>
          <spirit:logicalPort>
            <spirit:name>RREADY</spirit:name>
          </spirit:logicalPort>
          <spirit:physicalPort>
            <spirit:name>s00_axi_rready</spirit:name>
          </spirit:physicalPort>
        </spirit:portMap>
      </spirit:portMaps>
      <spirit:parameters>
        <spirit:parameter>
          <spirit:name>WIZ_DATA_WIDTH</spirit:name>
          <spirit:value spirit:format="long" spirit:id="BUSIFPARAM_VALUE.S00_AXI.WIZ_DATA_WIDTH" spirit:choiceRef="choice_list_6fc15197">32</spirit:value>
        </spirit:parameter>
        <spirit:parameter>
          <spirit:name>WIZ_NUM_REG</spirit:name>
          <spirit:value spirit:format="long" spirit:id="BUSIFPARAM_VALUE.S00_AXI.WIZ_NUM_REG" spirit:minimum="4" spirit:maximum="512" spirit:rangeType="long">27</spirit:value>
        </spirit:parameter>
        <spirit:parameter>
          <spirit:name>SUPPORTS_NARROW_BURST</spirit:name>
          <spirit:value spirit:format="long" spirit:id="BUSIFPARAM_VALUE.S00_AXI.SUPPORTS_NARROW_BURST" spirit:choiceRef="choice_pairs_ce1226b1">0</spirit:value>
        </spirit:parameter>
      </spirit:parameters>
    </spirit:busInterface>
    <spirit:busInterface>
      <spirit:name>S00_AXI_RST</spirit:name>
      <spirit:busType spirit:vendor="xilinx.com" spirit:library="signal" spirit:name="reset" spirit:version="1.0"/>
      <spirit:abstractionType spirit:vendor="xilinx.com" spirit:library="signal" spirit:name="reset_rtl" spirit:version="1.0"/>
      <spirit:slave/>
      <spirit:portMaps>
        <spirit:portMap>
          <spirit:logicalPort>
            <spirit:name>RST</spirit:name>
          </spirit:logicalPort>
          <spirit:physicalPort>
            <spirit:name>s00_axi_aresetn</spirit:name>
          </spirit:physicalPort>
        </spirit:portMap>
      </spirit:portMaps>
      <spirit:parameters>
        <spirit:parameter>
          <spirit:name>POLARITY</spirit:name>
          <spirit:value spirit:id="BUSIFPARAM_VALUE.S00_AXI_RST.POLARITY">ACTIVE_LOW</spirit:value>
        </spirit:parameter>
      </spirit:parameters>
    </spirit:busInterface>
    <spirit:busInterface>
      <spirit:name>S00_AXI_CLK</spirit:name>
      <spirit:busType spirit:vendor="xilinx.com" spirit:library="signal" spirit:name="clock" spirit:version="1.0"/>
      <spirit:abstractionType spirit:vendor="xilinx.com" spirit:library="signal" spirit:name="clock_rtl" spirit:version="1.0"/>
      <spirit:slave/>
      <spirit:portMaps>
        <spirit:portMap>
          <spirit:logicalPort>
            <spirit:name>CLK</spirit:name>
          </spirit:logicalPort>
          <spirit:physicalPort>
            <spirit:name>s00_axi_aclk</spirit:name>
          </spirit:physicalPort>
        </spirit:portMap>
      </spirit:portMaps>
      <spirit:parameters>
        <spirit:parameter>
          <spirit:name>ASSOCIATED_BUSIF</spirit:name>
          <spirit:value spirit:id="BUSIFPARAM_VALUE.S00_AXI_CLK.ASSOCIATED_BUSIF">S00_AXI</spirit:value>
        </spirit:parameter>
        <spirit:parameter>
          <spirit:name>ASSOCIATED_RESET</spirit:name>
          <spirit:value spirit:id="BUSIFPARAM_VALUE.S00_AXI_CLK.ASSOCIATED_RESET">s00_axi_aresetn</spirit:value>
        </spirit:parameter>
      </spirit:parameters>
    </spirit:busInterface>
  </spirit:busInterfaces>
  <spirit:memoryMaps>
    <spirit:memoryMap>
      <spirit:name>S00_AXI</spirit:name>
      <spirit:addressBlock>
        <spirit:name>S00_AXI_reg</spirit:name>
        <spirit:baseAddress spirit:format="long" spirit:resolve="user">0</spirit:baseAddress>
        <spirit:range spirit:format="long">4096</spirit:range>
        <spirit:width spirit:format="long">32</spirit:width>
        <spirit:usage>register</spirit:usage>
        <spirit:parameters>
          <spirit:parameter>
            <spirit:name>OFFSET_BASE_PARAM</spirit:name>
            <spirit:value spirit:id="ADDRBLOCKPARAM_VALUE.S00_AXI.S00_AXI_REG.OFFSET_BASE_PARAM">C_S00_AXI_BASEADDR</spirit:value>
          </spirit:parameter>
          <spirit:parameter>
            <spirit:name>OFFSET_HIGH_PARAM</spirit:name>
            <spirit:value spirit:id="ADDRBLOCKPARAM_VALUE.S00_AXI.S00_AXI_REG.OFFSET_HIGH_PARAM">C_S00_AXI_HIGHADDR</spirit:value>
          </spirit:parameter>
        </spirit:parameters>
      </spirit:addressBlock>
    </spirit:memoryMap>
  </spirit:memoryMaps>
  <spirit:model>
    <spirit:views>
      <spirit:view>
        <spirit:name>xilinx_verilogsynthesis</spirit:name>
        <spirit:displayName>Verilog Synthesis</spirit:displayName>
        <spirit:envIdentifier>verilogSource:vivado.xilinx.com:synthesis</spirit:envIdentifier>
        <spirit:language>verilog</spirit:language>
        <spirit:modelName>myip_v1_0</spirit:modelName>
        <spirit:fileSetRef>
          <spirit:localName>xilinx_verilogsynthesis_view_fileset</spirit:localName>
        </spirit:fileSetRef>
        <spirit:parameters>
          <spirit:parameter>
            <spirit:name>viewChecksum</spirit:name>
            <spirit:value>a5faee63</spirit:value>
          </spirit:parameter>
        </spirit:parameters>
      </spirit:view>
      <spirit:view>
        <spirit:name>xilinx_verilogbehavioralsimulation</spirit:name>
        <spirit:displayName>Verilog Simulation</spirit:displayName>
        <spirit:envIdentifier>verilogSource:vivado.xilinx.com:simulation</spirit:envIdentifier>
        <spirit:language>verilog</spirit:language>
        <spirit:modelName>myip_v1_0</spirit:modelName>
        <spirit:fileSetRef>
          <spirit:localName>xilinx_verilogbehavioralsimulation_view_fileset</spirit:localName>
        </spirit:fileSetRef>
        <spirit:parameters>
          <spirit:parameter>
            <spirit:name>viewChecksum</spirit:name>
            <spirit:value>a5faee63</spirit:value>
          </spirit:parameter>
        </spirit:parameters>
      </spirit:view>
      <spirit:view>
        <spirit:name>xilinx_softwaredriver</spirit:name>
        <spirit:displayName>Software Driver</spirit:displayName>
        <spirit:envIdentifier>:vivado.xilinx.com:sw.driver</spirit:envIdentifier>
        <spirit:fileSetRef>
          <spirit:localName>xilinx_softwaredriver_view_fileset</spirit:localName>
        </spirit:fileSetRef>
        <spirit:parameters>
          <spirit:parameter>
            <spirit:name>viewChecksum</spirit:name>
            <spirit:value>d2c5cc90</spirit:value>
          </spirit:parameter>
        </spirit:parameters>
      </spirit:view>
      <spirit:view>
        <spirit:name>xilinx_xpgui</spirit:name>
        <spirit:displayName>UI Layout</spirit:displayName>
        <spirit:envIdentifier>:vivado.xilinx.com:xgui.ui</spirit:envIdentifier>
        <spirit:fileSetRef>
          <spirit:localName>xilinx_xpgui_view_fileset</spirit:localName>
        </spirit:fileSetRef>
        <spirit:parameters>
          <spirit:parameter>
            <spirit:name>viewChecksum</spirit:name>
            <spirit:value>fd592ead</spirit:value>
          </spirit:parameter>
        </spirit:parameters>
      </spirit:view>
      <spirit:view>
        <spirit:name>bd_tcl</spirit:name>
        <spirit:displayName>Block Diagram</spirit:displayName>
        <spirit:envIdentifier>:vivado.xilinx.com:block.diagram</spirit:envIdentifier>
        <spirit:fileSetRef>
          <spirit:localName>bd_tcl_view_fileset</spirit:localName>
        </spirit:fileSetRef>
        <spirit:parameters>
          <spirit:parameter>
            <spirit:name>viewChecksum</spirit:name>
            <spirit:value>45a2f450</spirit:value>
          </spirit:parameter>
        </spirit:parameters>
      </spirit:view>
    </spirit:views>
    <spirit:ports>
      <spirit:port>
        <spirit:name>s00_axi_awaddr</spirit:name>
        <spirit:wire>
          <spirit:direction>in</spirit:direction>
          <spirit:vector>
            <spirit:left spirit:format="long" spirit:resolve="dependent" spirit:dependency="(spirit:decode(id(&apos;MODELPARAM_VALUE.C_S00_AXI_ADDR_WIDTH&apos;))-1)">6</spirit:left>
            <spirit:right spirit:format="long">0</spirit:right>
          </spirit:vector>
          <spirit:wireTypeDefs>
            <spirit:wireTypeDef>
              <spirit:typeName>wire</spirit:typeName>
              <spirit:viewNameRef>xilinx_verilogsynthesis</spirit:viewNameRef>
              <spirit:viewNameRef>xilinx_verilogbehavioralsimulation</spirit:viewNameRef>
            </spirit:wireTypeDef>
          </spirit:wireTypeDefs>
        </spirit:wire>
      </spirit:port>
      <spirit:port>
        <spirit:name>s00_axi_awprot</spirit:name>
        <spirit:wire>
          <spirit:direction>in</spirit:direction>
          <spirit:vector>
            <spirit:left spirit:format="long">2</spirit:left>
            <spirit:right spirit:format="long">0</spirit:right>
          </spirit:vector>
          <spirit:wireTypeDefs>
            <spirit:wireTypeDef>
              <spirit:typeName>wire</spirit:typeName>
              <spirit:viewNameRef>xilinx_verilogsynthesis</spirit:viewNameRef>
              <spirit:viewNameRef>xilinx_verilogbehavioralsimulation</spirit:viewNameRef>
            </spirit:wireTypeDef>
          </spirit:wireTypeDefs>
        </spirit:wire>
      </spirit:port>
      <spirit:port>
        <spirit:name>s00_axi_awvalid</spirit:name>
        <spirit:wire>
          <spirit:direction>in</spirit:direction>
          <spirit:wireTypeDefs>
            <spirit:wireTypeDef>
              <spirit:typeName>wire</spirit:typeName>
              <spirit:viewNameRef>xilinx_verilogsynthesis</spirit:viewNameRef>
              <spirit:viewNameRef>xilinx_verilogbehavioralsimulation</spirit:viewNameRef>
            </spirit:wireTypeDef>
          </spirit:wireTypeDefs>
        </spirit:wire>
      </spirit:port>
      <spirit:port>
        <spirit:name>s00_axi_awready</spirit:name>
        <spirit:wire>
          <spirit:direction>out</spirit:direction>
          <spirit:wireTypeDefs>
            <spirit:wireTypeDef>
              <spirit:typeName>wire</spirit:typeName>
              <spirit:viewNameRef>xilinx_verilogsynthesis</spirit:viewNameRef>
              <spirit:viewNameRef>xilinx_verilogbehavioralsimulation</spirit:viewNameRef>
            </spirit:wireTypeDef>
          </spirit:wireTypeDefs>
        </spirit:wire>
      </spirit:port>
      <spirit:port>
        <spirit:name>s00_axi_wdata</spirit:name>
        <spirit:wire>
          <spirit:direction>in</spirit:direction>
          <spirit:vector>
            <spirit:left spirit:format="long" spirit:resolve="dependent" spirit:dependency="(spirit:decode(id(&apos;MODELPARAM_VALUE.C_S00_AXI_DATA_WIDTH&apos;))-1)">31</spirit:left>
            <spirit:right spirit:format="long">0</spirit:right>
          </spirit:vector>
          <spirit:wireTypeDefs>
            <spirit:wireTypeDef>
              <spirit:typeName>wire</spirit:typeName>
              <spirit:viewNameRef>xilinx_verilogsynthesis</spirit:viewNameRef>
              <spirit:viewNameRef>xilinx_verilogbehavioralsimulation</spirit:viewNameRef>
            </spirit:wireTypeDef>
          </spirit:wireTypeDefs>
        </spirit:wire>
      </spirit:port>
      <spirit:port>
        <spirit:name>s00_axi_wstrb</spirit:name>
        <spirit:wire>
          <spirit:direction>in</spirit:direction>
          <spirit:vector>
            <spirit:left spirit:format="long" spirit:resolve="dependent" spirit:dependency="((spirit:decode(id(&apos;MODELPARAM_VALUE.C_S00_AXI_DATA_WIDTH&apos;))/8)-1)">3</spirit:left>
            <spirit:right spirit:format="long">0</spirit:right>
          </spirit:vector>
          <spirit:wireTypeDefs>
            <spirit:wireTypeDef>
              <spirit:typeName>wire</spirit:typeName>
              <spirit:viewNameRef>xilinx_verilogsynthesis</spirit:viewNameRef>
              <spirit:viewNameRef>xilinx_verilogbehavioralsimulation</spirit:viewNameRef>
            </spirit:wireTypeDef>
          </spirit:wireTypeDefs>
        </spirit:wire>
      </spirit:port>
      <spirit:port>
        <spirit:name>s00_axi_wvalid</spirit:name>
        <spirit:wire>
          <spirit:direction>in</spirit:direction>
          <spirit:wireTypeDefs>
            <spirit:wireTypeDef>
              <spirit:typeName>wire</spirit:typeName>
              <spirit:viewNameRef>xilinx_verilogsynthesis</spirit:viewNameRef>
              <spirit:viewNameRef>xilinx_verilogbehavioralsimulation</spirit:viewNameRef>
            </spirit:wireTypeDef>
          </spirit:wireTypeDefs>
        </spirit:wire>
      </spirit:port>
      <spirit:port>
        <spirit:name>s00_axi_wready</spirit:name>
        <spirit:wire>
          <spirit:direction>out</spirit:direction>
          <spirit:wireTypeDefs>
            <spirit:wireTypeDef>
              <spirit:typeName>wire</spirit:typeName>
              <spirit:viewNameRef>xilinx_verilogsynthesis</spirit:viewNameRef>
              <spirit:viewNameRef>xilinx_verilogbehavioralsimulation</spirit:viewNameRef>
            </spirit:wireTypeDef>
          </spirit:wireTypeDefs>
        </spirit:wire>
      </spirit:port>
      <spirit:port>
        <spirit:name>s00_axi_bresp</spirit:name>
        <spirit:wire>
          <spirit:direction>out</spirit:direction>
          <spirit:vector>
            <spirit:left spirit:format="long">1</spirit:left>
            <spirit:right spirit:format="long">0</spirit:right>
          </spirit:vector>
          <spirit:wireTypeDefs>
            <spirit:wireTypeDef>
              <spirit:typeName>wire</spirit:typeName>
              <spirit:viewNameRef>xilinx_verilogsynthesis</spirit:viewNameRef>
              <spirit:viewNameRef>xilinx_verilogbehavioralsimulation</spirit:viewNameRef>
            </spirit:wireTypeDef>
          </spirit:wireTypeDefs>
        </spirit:wire>
      </spirit:port>
      <spirit:port>
        <spirit:name>s00_axi_bvalid</spirit:name>
        <spirit:wire>
          <spirit:direction>out</spirit:direction>
          <spirit:wireTypeDefs>
            <spirit:wireTypeDef>
              <spirit:typeName>wire</spirit:typeName>
              <spirit:viewNameRef>xilinx_verilogsynthesis</spirit:viewNameRef>
              <spirit:viewNameRef>xilinx_verilogbehavioralsimulation</spirit:viewNameRef>
            </spirit:wireTypeDef>
          </spirit:wireTypeDefs>
        </spirit:wire>
      </spirit:port>
      <spirit:port>
        <spirit:name>s00_axi_bready</spirit:name>
        <spirit:wire>
          <spirit:direction>in</spirit:direction>
          <spirit:wireTypeDefs>
            <spirit:wireTypeDef>
              <spirit:typeName>wire</spirit:typeName>
              <spirit:viewNameRef>xilinx_verilogsynthesis</spirit:viewNameRef>
              <spirit:viewNameRef>xilinx_verilogbehavioralsimulation</spirit:viewNameRef>
            </spirit:wireTypeDef>
          </spirit:wireTypeDefs>
        </spirit:wire>
      </spirit:port>
      <spirit:port>
        <spirit:name>s00_axi_araddr</spirit:name>
        <spirit:wire>
          <spirit:direction>in</spirit:direction>
          <spirit:vector>
            <spirit:left spirit:format="long" spirit:resolve="dependent" spirit:dependency="(spirit:decode(id(&apos;MODELPARAM_VALUE.C_S00_AXI_ADDR_WIDTH&apos;))-1)">6</spirit:left>
            <spirit:right spirit:format="long">0</spirit:right>
          </spirit:vector>
          <spirit:wireTypeDefs>
            <spirit:wireTypeDef>
              <spirit:typeName>wire</spirit:typeName>
              <spirit:viewNameRef>xilinx_verilogsynthesis</spirit:viewNameRef>
              <spirit:viewNameRef>xilinx_verilogbehavioralsimulation</spirit:viewNameRef>
            </spirit:wireTypeDef>
          </spirit:wireTypeDefs>
        </spirit:wire>
      </spirit:port>
      <spirit:port>
        <spirit:name>s00_axi_arprot</spirit:name>
        <spirit:wire>
          <spirit:direction>in</spirit:direction>
          <spirit:vector>
            <spirit:left spirit:format="long">2</spirit:left>
            <spirit:right spirit:format="long">0</spirit:right>
          </spirit:vector>
          <spirit:wireTypeDefs>
            <spirit:wireTypeDef>
              <spirit:typeName>wire</spirit:typeName>
              <spirit:viewNameRef>xilinx_verilogsynthesis</spirit:viewNameRef>
              <spirit:viewNameRef>xilinx_verilogbehavioralsimulation</spirit:viewNameRef>
            </spirit:wireTypeDef>
          </spirit:wireTypeDefs>
        </spirit:wire>
      </spirit:port>
      <spirit:port>
        <spirit:name>s00_axi_arvalid</spirit:name>
        <spirit:wire>
          <spirit:direction>in</spirit:direction>
          <spirit:wireTypeDefs>
            <spirit:wireTypeDef>
              <spirit:typeName>wire</spirit:typeName>
              <spirit:viewNameRef>xilinx_verilogsynthesis</spirit:viewNameRef>
              <spirit:viewNameRef>xilinx_verilogbehavioralsimulation</spirit:viewNameRef>
            </spirit:wireTypeDef>
          </spirit:wireTypeDefs>
        </spirit:wire>
      </spirit:port>
      <spirit:port>
        <spirit:name>s00_axi_arready</spirit:name>
        <spirit:wire>
          <spirit:direction>out</spirit:direction>
          <spirit:wireTypeDefs>
            <spirit:wireTypeDef>
              <spirit:typeName>wire</spirit:typeName>
              <spirit:viewNameRef>xilinx_verilogsynthesis</spirit:viewNameRef>
              <spirit:viewNameRef>xilinx_verilogbehavioralsimulation</spirit:viewNameRef>
            </spirit:wireTypeDef>
          </spirit:wireTypeDefs>
        </spirit:wire>
      </spirit:port>
      <spirit:port>
        <spirit:name>s00_axi_rdata</spirit:name>
        <spirit:wire>
          <spirit:direction>out</spirit:direction>
          <spirit:vector>
            <spirit:left spirit:format="long" spirit:resolve="dependent" spirit:dependency="(spirit:decode(id(&apos;MODELPARAM_VALUE.C_S00_AXI_DATA_WIDTH&apos;))-1)">31</spirit:left>
            <spirit:right spirit:format="long">0</spirit:right>
          </spirit:vector>
          <spirit:wireTypeDefs>
            <spirit:wireTypeDef>
              <spirit:typeName>wire</spirit:typeName>
              <spirit:viewNameRef>xilinx_verilogsynthesis</spirit:viewNameRef>
              <spirit:viewNameRef>xilinx_verilogbehavioralsimulation</spirit:viewNameRef>
            </spirit:wireTypeDef>
          </spirit:wireTypeDefs>
        </spirit:wire>
      </spirit:port>
      <spirit:port>
        <spirit:name>s00_axi_rresp</spirit:name>
        <spirit:wire>
          <spirit:direction>out</spirit:direction>
          <spirit:vector>
            <spirit:left spirit:format="long">1</spirit:left>
            <spirit:right spirit:format="long">0</spirit:right>
          </spirit:vector>
          <spirit:wireTypeDefs>
            <spirit:wireTypeDef>
              <spirit:typeName>wire</spirit:typeName>
              <spirit:viewNameRef>xilinx_verilogsynthesis</spirit:viewNameRef>
              <spirit:viewNameRef>xilinx_verilogbehavioralsimulation</spirit:viewNameRef>
            </spirit:wireTypeDef>
          </spirit:wireTypeDefs>
        </spirit:wire>
      </spirit:port>
      <spirit:port>
        <spirit:name>s00_axi_rvalid</spirit:name>
        <spirit:wire>
          <spirit:direction>out</spirit:direction>
          <spirit:wireTypeDefs>
            <spirit:wireTypeDef>
              <spirit:typeName>wire</spirit:typeName>
              <spirit:viewNameRef>xilinx_verilogsynthesis</spirit:viewNameRef>
              <spirit:viewNameRef>xilinx_verilogbehavioralsimulation</spirit:viewNameRef>
            </spirit:wireTypeDef>
          </spirit:wireTypeDefs>
        </spirit:wire>
      </spirit:port>
      <spirit:port>
        <spirit:name>s00_axi_rready</spirit:name>
        <spirit:wire>
          <spirit:direction>in</spirit:direction>
          <spirit:wireTypeDefs>
            <spirit:wireTypeDef>
              <spirit:typeName>wire</spirit:typeName>
              <spirit:viewNameRef>xilinx_verilogsynthesis</spirit:viewNameRef>
              <spirit:viewNameRef>xilinx_verilogbehavioralsimulation</spirit:viewNameRef>
            </spirit:wireTypeDef>
          </spirit:wireTypeDefs>
        </spirit:wire>
      </spirit:port>
      <spirit:port>
        <spirit:name>s00_axi_aclk</spirit:name>
        <spirit:wire>
          <spirit:direction>in</spirit:direction>
          <spirit:wireTypeDefs>
            <spirit:wireTypeDef>
              <spirit:typeName>wire</spirit:typeName>
              <spirit:viewNameRef>xilinx_verilogsynthesis</spirit:viewNameRef>
              <spirit:viewNameRef>xilinx_verilogbehavioralsimulation</spirit:viewNameRef>
            </spirit:wireTypeDef>
          </spirit:wireTypeDefs>
        </spirit:wire>
      </spirit:port>
      <spirit:port>
        <spirit:name>s00_axi_aresetn</spirit:name>
        <spirit:wire>
          <spirit:direction>in</spirit:direction>
          <spirit:wireTypeDefs>
            <spirit:wireTypeDef>
              <spirit:typeName>wire</spirit:typeName>
              <spirit:viewNameRef>xilinx_verilogsynthesis</spirit:viewNameRef>
              <spirit:viewNameRef>xilinx_verilogbehavioralsimulation</spirit:viewNameRef>
            </spirit:wireTypeDef>
          </spirit:wireTypeDefs>
        </spirit:wire>
      </spirit:port>
    </spirit:ports>
    <spirit:modelParameters>
      <spirit:modelParameter xsi:type="spirit:nameValueTypeType" spirit:dataType="integer">
        <spirit:name>C_S00_AXI_DATA_WIDTH</spirit:name>
        <spirit:displayName>C S00 AXI DATA WIDTH</spirit:displayName>
        <spirit:description>Width of S_AXI data bus</spirit:description>
        <spirit:value spirit:format="long" spirit:resolve="generated" spirit:id="MODELPARAM_VALUE.C_S00_AXI_DATA_WIDTH" spirit:order="3" spirit:rangeType="long">32</spirit:value>
      </spirit:modelParameter>
      <spirit:modelParameter spirit:dataType="integer">
        <spirit:name>C_S00_AXI_ADDR_WIDTH</spirit:name>
        <spirit:displayName>C S00 AXI ADDR WIDTH</spirit:displayName>
        <spirit:description>Width of S_AXI address bus</spirit:description>
        <spirit:value spirit:format="long" spirit:resolve="generated" spirit:id="MODELPARAM_VALUE.C_S00_AXI_ADDR_WIDTH" spirit:order="4" spirit:rangeType="long">7</spirit:value>
      </spirit:modelParameter>
    </spirit:modelParameters>
  </spirit:model>
  <spirit:choices>
    <spirit:choice>
      <spirit:name>choice_list_6fc15197</spirit:name>
      <spirit:enumeration>32</spirit:enumeration>
    </spirit:choice>
    <spirit:choice>
      <spirit:name>choice_pairs_ce1226b1</spirit:name>
      <spirit:enumeration spirit:text="true">1</spirit:enumeration>
      <spirit:enumeration spirit:text="false">0</spirit:enumeration>
    </spirit:choice>
  </spirit:choices>
  <spirit:fileSets>
    <spirit:fileSet>
      <spirit:name>xilinx_verilogsynthesis_view_fileset</spirit:name>
      <spirit:file>
        <spirit:name>src/matrixMultiply1.v</spirit:name>
        <spirit:fileType>verilogSource</spirit:fileType>
      </spirit:file>
      <spirit:file>
        <spirit:name>hdl/myip_v1_0_S00_AXI.v</spirit:name>
        <spirit:fileType>verilogSource</spirit:fileType>
      </spirit:file>
      <spirit:file>
        <spirit:name>hdl/myip_v1_0.v</spirit:name>
        <spirit:fileType>verilogSource</spirit:fileType>
        <spirit:userFileType>CHECKSUM_9e8fce88</spirit:userFileType>
      </spirit:file>
    </spirit:fileSet>
    <spirit:fileSet>
      <spirit:name>xilinx_verilogbehavioralsimulation_view_fileset</spirit:name>
      <spirit:file>
        <spirit:name>src/matrixMultiply1.v</spirit:name>
        <spirit:fileType>verilogSource</spirit:fileType>
      </spirit:file>
      <spirit:file>
        <spirit:name>hdl/myip_v1_0_S00_AXI.v</spirit:name>
        <spirit:fileType>verilogSource</spirit:fileType>
      </spirit:file>
      <spirit:file>
        <spirit:name>hdl/myip_v1_0.v</spirit:name>
        <spirit:fileType>verilogSource</spirit:fileType>
      </spirit:file>
    </spirit:fileSet>
    <spirit:fileSet>
      <spirit:name>xilinx_softwaredriver_view_fileset</spirit:name>
      <spirit:file>
        <spirit:name>drivers/myip_v1_0/data/myip.mdd</spirit:name>
        <spirit:userFileType>mdd</spirit:userFileType>
        <spirit:userFileType>driver_mdd</spirit:userFileType>
      </spirit:file>
      <spirit:file>
        <spirit:name>drivers/myip_v1_0/data/myip.tcl</spirit:name>
        <spirit:fileType>tclSource</spirit:fileType>
        <spirit:userFileType>driver_tcl</spirit:userFileType>
      </spirit:file>
      <spirit:file>
        <spirit:name>drivers/myip_v1_0/src/Makefile</spirit:name>
        <spirit:userFileType>driver_src</spirit:userFileType>
      </spirit:file>
      <spirit:file>
        <spirit:name>drivers/myip_v1_0/src/myip.h</spirit:name>
        <spirit:fileType>cSource</spirit:fileType>
        <spirit:userFileType>driver_src</spirit:userFileType>
      </spirit:file>
      <spirit:file>
        <spirit:name>drivers/myip_v1_0/src/myip.c</spirit:name>
        <spirit:fileType>cSource</spirit:fileType>
        <spirit:userFileType>driver_src</spirit:userFileType>
      </spirit:file>
      <spirit:file>
        <spirit:name>drivers/myip_v1_0/src/myip_selftest.c</spirit:name>
        <spirit:fileType>cSource</spirit:fileType>
        <spirit:userFileType>driver_src</spirit:userFileType>
      </spirit:file>
    </spirit:fileSet>
    <spirit:fileSet>
      <spirit:name>xilinx_xpgui_view_fileset</spirit:name>
      <spirit:file>
        <spirit:name>xgui/myip_v1_0.tcl</spirit:name>
        <spirit:fileType>tclSource</spirit:fileType>
        <spirit:userFileType>CHECKSUM_fd592ead</spirit:userFileType>
        <spirit:userFileType>XGUI_VERSION_2</spirit:userFileType>
      </spirit:file>
    </spirit:fileSet>
    <spirit:fileSet>
      <spirit:name>bd_tcl_view_fileset</spirit:name>
      <spirit:file>
        <spirit:name>bd/bd.tcl</spirit:name>
        <spirit:fileType>tclSource</spirit:fileType>
      </spirit:file>
    </spirit:fileSet>
  </spirit:fileSets>
  <spirit:description>My new AXI IP</spirit:description>
  <spirit:parameters>
    <spirit:parameter>
      <spirit:name>C_S00_AXI_DATA_WIDTH</spirit:name>
      <spirit:displayName>C S00 AXI DATA WIDTH</spirit:displayName>
      <spirit:description>Width of S_AXI data bus</spirit:description>
      <spirit:value spirit:format="long" spirit:resolve="user" spirit:id="PARAM_VALUE.C_S00_AXI_DATA_WIDTH" spirit:choiceRef="choice_list_6fc15197" spirit:order="3">32</spirit:value>
      <spirit:vendorExtensions>
        <xilinx:parameterInfo>
          <xilinx:enablement>
            <xilinx:isEnabled xilinx:id="PARAM_ENABLEMENT.C_S00_AXI_DATA_WIDTH">false</xilinx:isEnabled>
          </xilinx:enablement>
        </xilinx:parameterInfo>
      </spirit:vendorExtensions>
    </spirit:parameter>
    <spirit:parameter>
      <spirit:name>C_S00_AXI_ADDR_WIDTH</spirit:name>
      <spirit:displayName>C S00 AXI ADDR WIDTH</spirit:displayName>
      <spirit:description>Width of S_AXI address bus</spirit:description>
      <spirit:value spirit:format="long" spirit:resolve="user" spirit:id="PARAM_VALUE.C_S00_AXI_ADDR_WIDTH" spirit:order="4" spirit:rangeType="long">7</spirit:value>
      <spirit:vendorExtensions>
        <xilinx:parameterInfo>
          <xilinx:enablement>
            <xilinx:isEnabled xilinx:id="PARAM_ENABLEMENT.C_S00_AXI_ADDR_WIDTH">false</xilinx:isEnabled>
          </xilinx:enablement>
        </xilinx:parameterInfo>
      </spirit:vendorExtensions>
    </spirit:parameter>
    <spirit:parameter>
      <spirit:name>C_S00_AXI_BASEADDR</spirit:name>
      <spirit:displayName>C S00 AXI BASEADDR</spirit:displayName>
      <spirit:value spirit:format="bitString" spirit:resolve="user" spirit:id="PARAM_VALUE.C_S00_AXI_BASEADDR" spirit:order="5" spirit:bitStringLength="32">0xFFFFFFFF</spirit:value>
      <spirit:vendorExtensions>
        <xilinx:parameterInfo>
          <xilinx:enablement>
            <xilinx:isEnabled xilinx:id="PARAM_ENABLEMENT.C_S00_AXI_BASEADDR">false</xilinx:isEnabled>
          </xilinx:enablement>
        </xilinx:parameterInfo>
      </spirit:vendorExtensions>
    </spirit:parameter>
    <spirit:parameter>
      <spirit:name>C_S00_AXI_HIGHADDR</spirit:name>
      <spirit:displayName>C S00 AXI HIGHADDR</spirit:displayName>
      <spirit:value spirit:format="bitString" spirit:resolve="user" spirit:id="PARAM_VALUE.C_S00_AXI_HIGHADDR" spirit:order="6" spirit:bitStringLength="32">0x00000000</spirit:value>
      <spirit:vendorExtensions>
        <xilinx:parameterInfo>
          <xilinx:enablement>
            <xilinx:isEnabled xilinx:id="PARAM_ENABLEMENT.C_S00_AXI_HIGHADDR">false</xilinx:isEnabled>
          </xilinx:enablement>
        </xilinx:parameterInfo>
      </spirit:vendorExtensions>
    </spirit:parameter>
    <spirit:parameter>
      <spirit:name>Component_Name</spirit:name>
      <spirit:value spirit:resolve="user" spirit:id="PARAM_VALUE.Component_Name" spirit:order="1">myip_v1_0</spirit:value>
    </spirit:parameter>
  </spirit:parameters>
  <spirit:vendorExtensions>
    <xilinx:coreExtensions>
      <xilinx:supportedFamilies>
        <xilinx:family xilinx:lifeCycle="Pre-Production">zynquplus</xilinx:family>
      </xilinx:supportedFamilies>
      <xilinx:taxonomies>
        <xilinx:taxonomy>AXI_Peripheral</xilinx:taxonomy>
      </xilinx:taxonomies>
      <xilinx:displayName>myip_v1.0</xilinx:displayName>
      <xilinx:coreRevision>8</xilinx:coreRevision>
      <xilinx:coreCreationDateTime>2019-02-26T00:39:37Z</xilinx:coreCreationDateTime>
      <xilinx:tags>
        <xilinx:tag xilinx:name="ui.data.coregen.dd@63ca5a85_ARCHIVE_LOCATION">/home/maomao/Desktop/junior_IAP/FPGAIsing/projects/ip_repo/myip_1.0</xilinx:tag>
        <xilinx:tag xilinx:name="ui.data.coregen.dd@527ac71f_ARCHIVE_LOCATION">/home/maomao/Desktop/junior_IAP/FPGAIsing/projects/ip_repo/myip_1.0</xilinx:tag>
        <xilinx:tag xilinx:name="ui.data.coregen.dd@2dea41df_ARCHIVE_LOCATION">/home/maomao/Desktop/junior_IAP/FPGAIsing/projects/ip_repo/myip_1.0</xilinx:tag>
        <xilinx:tag xilinx:name="ui.data.coregen.dd@4d7b7522_ARCHIVE_LOCATION">/home/maomao/Desktop/junior_IAP/FPGAIsing/projects/ip_repo/myip_1.0</xilinx:tag>
        <xilinx:tag xilinx:name="ui.data.coregen.dd@4f3481b2_ARCHIVE_LOCATION">/home/maomao/Desktop/junior_IAP/FPGAIsing/projects/ip_repo/myip_1.0</xilinx:tag>
        <xilinx:tag xilinx:name="ui.data.coregen.dd@7675a302_ARCHIVE_LOCATION">/home/maomao/Desktop/junior_IAP/FPGAIsing/projects/ip_repo/myip_1.0</xilinx:tag>
        <xilinx:tag xilinx:name="ui.data.coregen.dd@4694959d_ARCHIVE_LOCATION">/home/maomao/Desktop/junior_IAP/FPGAIsing/projects/ip_repo/myip_1.0</xilinx:tag>
        <xilinx:tag xilinx:name="ui.data.coregen.dd@642173df_ARCHIVE_LOCATION">/home/maomao/Desktop/junior_IAP/FPGAIsing/projects/ip_repo/myip_1.0</xilinx:tag>
        <xilinx:tag xilinx:name="ui.data.coregen.dd@60aedf7_ARCHIVE_LOCATION">/home/maomao/Desktop/junior_IAP/FPGAIsing/projects/ip_repo/myip_1.0</xilinx:tag>
        <xilinx:tag xilinx:name="ui.data.coregen.dd@1c2a8686_ARCHIVE_LOCATION">/home/maomao/Desktop/junior_IAP/FPGAIsing/projects/ip_repo/myip_1.0</xilinx:tag>
        <xilinx:tag xilinx:name="ui.data.coregen.dd@3a557c92_ARCHIVE_LOCATION">/home/maomao/Desktop/junior_IAP/FPGAIsing/projects/ip_repo/myip_1.0</xilinx:tag>
        <xilinx:tag xilinx:name="ui.data.coregen.dd@676b4a7b_ARCHIVE_LOCATION">/home/maomao/Desktop/junior_IAP/FPGAIsing/projects/ip_repo/myip_1.0</xilinx:tag>
        <xilinx:tag xilinx:name="ui.data.coregen.dd@296a59a8_ARCHIVE_LOCATION">/home/maomao/Desktop/junior_IAP/FPGAIsing/projects/ip_repo/myip_1.0</xilinx:tag>
        <xilinx:tag xilinx:name="ui.data.coregen.dd@36767833_ARCHIVE_LOCATION">/home/maomao/Desktop/junior_IAP/FPGAIsing/projects/ip_repo/myip_1.0</xilinx:tag>
        <xilinx:tag xilinx:name="ui.data.coregen.dd@5ee40919_ARCHIVE_LOCATION">/home/maomao/Desktop/junior_IAP/FPGAIsing/projects/ip_repo/myip_1.0</xilinx:tag>
        <xilinx:tag xilinx:name="ui.data.coregen.dd@1be54bd7_ARCHIVE_LOCATION">/home/maomao/Desktop/junior_IAP/FPGAIsing/projects/ip_repo/myip_1.0</xilinx:tag>
        <xilinx:tag xilinx:name="ui.data.coregen.dd@54a51e5c_ARCHIVE_LOCATION">/home/maomao/Desktop/junior_IAP/FPGAIsing/projects/ip_repo/myip_1.0</xilinx:tag>
        <xilinx:tag xilinx:name="ui.data.coregen.dd@91ed03e_ARCHIVE_LOCATION">/home/maomao/Desktop/junior_IAP/FPGAIsing/projects/ip_repo/myip_1.0</xilinx:tag>
        <xilinx:tag xilinx:name="ui.data.coregen.dd@6e5f5d4f_ARCHIVE_LOCATION">/home/maomao/Desktop/junior_IAP/FPGAIsing/projects/ip_repo/myip_1.0</xilinx:tag>
        <xilinx:tag xilinx:name="ui.data.coregen.dd@a82c442_ARCHIVE_LOCATION">/home/maomao/Desktop/junior_IAP/FPGAIsing/projects/ip_repo/myip_1.0</xilinx:tag>
        <xilinx:tag xilinx:name="ui.data.coregen.dd@1c6bdf1a_ARCHIVE_LOCATION">/home/maomao/Desktop/junior_IAP/FPGAIsing/projects/ip_repo/myip_1.0</xilinx:tag>
        <xilinx:tag xilinx:name="ui.data.coregen.dd@1fe11570_ARCHIVE_LOCATION">/home/maomao/Desktop/junior_IAP/FPGAIsing/projects/ip_repo/myip_1.0</xilinx:tag>
        <xilinx:tag xilinx:name="ui.data.coregen.dd@27ec267c_ARCHIVE_LOCATION">/home/maomao/Desktop/junior_IAP/FPGAIsing/projects/ip_repo/myip_1.0</xilinx:tag>
        <xilinx:tag xilinx:name="ui.data.coregen.dd@55520b61_ARCHIVE_LOCATION">/home/maomao/Desktop/junior_IAP/FPGAIsing/projects/ip_repo/myip_1.0</xilinx:tag>
        <xilinx:tag xilinx:name="ui.data.coregen.dd@3b6a817b_ARCHIVE_LOCATION">/home/maomao/Desktop/junior_IAP/FPGAIsing/projects/ip_repo/myip_1.0</xilinx:tag>
        <xilinx:tag xilinx:name="ui.data.coregen.dd@64583efc_ARCHIVE_LOCATION">/home/maomao/Desktop/junior_IAP/FPGAIsing/projects/ip_repo/myip_1.0</xilinx:tag>
        <xilinx:tag xilinx:name="ui.data.coregen.dd@accb934_ARCHIVE_LOCATION">/home/maomao/Desktop/junior_IAP/FPGAIsing/projects/ip_repo/myip_1.0</xilinx:tag>
        <xilinx:tag xilinx:name="ui.data.coregen.dd@16b995f2_ARCHIVE_LOCATION">/home/maomao/Desktop/junior_IAP/FPGAIsing/projects/ip_repo/myip_1.0</xilinx:tag>
        <xilinx:tag xilinx:name="ui.data.coregen.dd@446c981e_ARCHIVE_LOCATION">/home/maomao/Desktop/junior_IAP/FPGAIsing/projects/ip_repo/myip_1.0</xilinx:tag>
        <xilinx:tag xilinx:name="ui.data.coregen.dd@73310d04_ARCHIVE_LOCATION">/home/maomao/Desktop/junior_IAP/FPGAIsing/projects/ip_repo/myip_1.0</xilinx:tag>
        <xilinx:tag xilinx:name="ui.data.coregen.dd@113f0bf8_ARCHIVE_LOCATION">/home/maomao/Desktop/junior_IAP/FPGAIsing/projects/ip_repo/myip_1.0</xilinx:tag>
        <xilinx:tag xilinx:name="ui.data.coregen.dd@4f99ca95_ARCHIVE_LOCATION">/home/maomao/Desktop/junior_IAP/FPGAIsing/projects/ip_repo/myip_1.0</xilinx:tag>
        <xilinx:tag xilinx:name="ui.data.coregen.dd@5ced229f_ARCHIVE_LOCATION">/home/maomao/Desktop/junior_IAP/FPGAIsing/projects/ip_repo/myip_1.0</xilinx:tag>
        <xilinx:tag xilinx:name="ui.data.coregen.dd@94663a8_ARCHIVE_LOCATION">/home/maomao/Desktop/junior_IAP/FPGAIsing/projects/ip_repo/myip_1.0</xilinx:tag>
        <xilinx:tag xilinx:name="ui.data.coregen.dd@66776e4b_ARCHIVE_LOCATION">/home/maomao/Desktop/junior_IAP/FPGAIsing/projects/ip_repo/myip_1.0</xilinx:tag>
        <xilinx:tag xilinx:name="ui.data.coregen.dd@1e3d07a9_ARCHIVE_LOCATION">/home/maomao/Desktop/junior_IAP/FPGAIsing/projects/ip_repo/myip_1.0</xilinx:tag>
        <xilinx:tag xilinx:name="ui.data.coregen.dd@723e1942_ARCHIVE_LOCATION">/home/maomao/Desktop/junior_IAP/FPGAIsing/projects/ip_repo/myip_1.0</xilinx:tag>
        <xilinx:tag xilinx:name="ui.data.coregen.dd@6975f97d_ARCHIVE_LOCATION">/home/maomao/Desktop/junior_IAP/FPGAIsing/projects/ip_repo/myip_1.0</xilinx:tag>
        <xilinx:tag xilinx:name="ui.data.coregen.dd@5a6b7b33_ARCHIVE_LOCATION">/home/maomao/Desktop/junior_IAP/FPGAIsing/projects/ip_repo/myip_1.0</xilinx:tag>
        <xilinx:tag xilinx:name="ui.data.coregen.dd@3b5352a3_ARCHIVE_LOCATION">/home/maomao/Desktop/junior_IAP/FPGAIsing/projects/ip_repo/myip_1.0</xilinx:tag>
        <xilinx:tag xilinx:name="ui.data.coregen.dd@4a71bfcb_ARCHIVE_LOCATION">/home/maomao/Desktop/junior_IAP/FPGAIsing/projects/ip_repo/myip_1.0</xilinx:tag>
        <xilinx:tag xilinx:name="ui.data.coregen.dd@4cf96e12_ARCHIVE_LOCATION">/home/maomao/Desktop/junior_IAP/FPGAIsing/projects/ip_repo/myip_1.0</xilinx:tag>
        <xilinx:tag xilinx:name="ui.data.coregen.dd@701f13ad_ARCHIVE_LOCATION">/home/maomao/Desktop/junior_IAP/FPGAIsing/projects/ip_repo/myip_1.0</xilinx:tag>
        <xilinx:tag xilinx:name="ui.data.coregen.dd@1ad70f6b_ARCHIVE_LOCATION">/home/maomao/Desktop/junior_IAP/FPGAIsing/projects/ip_repo/myip_1.0</xilinx:tag>
        <xilinx:tag xilinx:name="ui.data.coregen.dd@68a879e5_ARCHIVE_LOCATION">/home/maomao/Desktop/junior_IAP/FPGAIsing/projects/ip_repo/myip_1.0</xilinx:tag>
        <xilinx:tag xilinx:name="ui.data.coregen.dd@489ce1df_ARCHIVE_LOCATION">/home/maomao/Desktop/junior_IAP/FPGAIsing/projects/ip_repo/myip_1.0</xilinx:tag>
        <xilinx:tag xilinx:name="ui.data.coregen.dd@54c8475e_ARCHIVE_LOCATION">/home/maomao/Desktop/junior_IAP/FPGAIsing/projects/ip_repo/myip_1.0</xilinx:tag>
        <xilinx:tag xilinx:name="ui.data.coregen.dd@687a8b8a_ARCHIVE_LOCATION">/home/maomao/Desktop/junior_IAP/FPGAIsing/projects/ip_repo/myip_1.0</xilinx:tag>
        <xilinx:tag xilinx:name="ui.data.coregen.dd@32ce78b_ARCHIVE_LOCATION">/home/maomao/Desktop/junior_IAP/FPGAIsing/projects/ip_repo/myip_1.0</xilinx:tag>
        <xilinx:tag xilinx:name="ui.data.coregen.dd@48971405_ARCHIVE_LOCATION">/home/maomao/Desktop/junior_IAP/FPGAIsing/projects/ip_repo/myip_1.0</xilinx:tag>
        <xilinx:tag xilinx:name="ui.data.coregen.dd@2fd9206a_ARCHIVE_LOCATION">/home/maomao/Desktop/junior_IAP/FPGAIsing/projects/ip_repo/myip_1.0</xilinx:tag>
        <xilinx:tag xilinx:name="ui.data.coregen.dd@7cb890d_ARCHIVE_LOCATION">/home/maomao/Desktop/junior_IAP/FPGAIsing/projects/ip_repo/myip_1.0</xilinx:tag>
        <xilinx:tag xilinx:name="ui.data.coregen.dd@4351e5b_ARCHIVE_LOCATION">/home/maomao/Desktop/junior_IAP/FPGAIsing/projects/ip_repo/myip_1.0</xilinx:tag>
        <xilinx:tag xilinx:name="ui.data.coregen.dd@dad4de7_ARCHIVE_LOCATION">/home/maomao/Desktop/junior_IAP/FPGAIsing/projects/ip_repo/myip_1.0</xilinx:tag>
        <xilinx:tag xilinx:name="ui.data.coregen.dd@7691ac0b_ARCHIVE_LOCATION">/home/maomao/Desktop/junior_IAP/FPGAIsing/projects/ip_repo/myip_1.0</xilinx:tag>
        <xilinx:tag xilinx:name="ui.data.coregen.dd@1d99736a_ARCHIVE_LOCATION">/home/maomao/Desktop/junior_IAP/FPGAIsing/projects/ip_repo/myip_1.0</xilinx:tag>
        <xilinx:tag xilinx:name="ui.data.coregen.dd@46b9327c_ARCHIVE_LOCATION">/home/maomao/Desktop/junior_IAP/FPGAIsing/projects/ip_repo/myip_1.0</xilinx:tag>
        <xilinx:tag xilinx:name="ui.data.coregen.dd@493d20de_ARCHIVE_LOCATION">/home/maomao/Desktop/junior_IAP/FPGAIsing/projects/ip_repo/myip_1.0</xilinx:tag>
        <xilinx:tag xilinx:name="ui.data.coregen.dd@1bc32bbe_ARCHIVE_LOCATION">/home/maomao/Desktop/junior_IAP/FPGAIsing/projects/ip_repo/myip_1.0</xilinx:tag>
        <xilinx:tag xilinx:name="ui.data.coregen.dd@6f29924_ARCHIVE_LOCATION">/home/maomao/Desktop/junior_IAP/FPGAIsing/projects/ip_repo/myip_1.0</xilinx:tag>
        <xilinx:tag xilinx:name="ui.data.coregen.dd@3180d234_ARCHIVE_LOCATION">/home/maomao/Desktop/junior_IAP/FPGAIsing/projects/ip_repo/myip_1.0</xilinx:tag>
        <xilinx:tag xilinx:name="ui.data.coregen.dd@2d94c49c_ARCHIVE_LOCATION">/home/maomao/Desktop/junior_IAP/FPGAIsing/projects/ip_repo/myip_1.0</xilinx:tag>
        <xilinx:tag xilinx:name="ui.data.coregen.dd@480541ea_ARCHIVE_LOCATION">/home/maomao/Desktop/junior_IAP/FPGAIsing/projects/ip_repo/myip_1.0</xilinx:tag>
        <xilinx:tag xilinx:name="ui.data.coregen.dd@3675dd6f_ARCHIVE_LOCATION">/home/maomao/Desktop/junior_IAP/FPGAIsing/projects/ip_repo/myip_1.0</xilinx:tag>
        <xilinx:tag xilinx:name="ui.data.coregen.dd@20f4efba_ARCHIVE_LOCATION">/home/maomao/Desktop/junior_IAP/FPGAIsing/projects/ip_repo/myip_1.0</xilinx:tag>
        <xilinx:tag xilinx:name="ui.data.coregen.dd@6b224b1_ARCHIVE_LOCATION">/home/maomao/Desktop/junior_IAP/FPGAIsing/projects/ip_repo/myip_1.0</xilinx:tag>
        <xilinx:tag xilinx:name="ui.data.coregen.dd@2187beca_ARCHIVE_LOCATION">/home/maomao/Desktop/junior_IAP/FPGAIsing/projects/ip_repo/myip_1.0</xilinx:tag>
        <xilinx:tag xilinx:name="ui.data.coregen.dd@bb33fde_ARCHIVE_LOCATION">/home/maomao/Desktop/junior_IAP/FPGAIsing/projects/ip_repo/myip_1.0</xilinx:tag>
        <xilinx:tag xilinx:name="ui.data.coregen.dd@7e7fa624_ARCHIVE_LOCATION">/home/maomao/Desktop/junior_IAP/FPGAIsing/projects/ip_repo/myip_1.0</xilinx:tag>
        <xilinx:tag xilinx:name="ui.data.coregen.dd@7aadcea0_ARCHIVE_LOCATION">/home/maomao/Desktop/junior_IAP/FPGAIsing/projects/ip_repo/myip_1.0</xilinx:tag>
        <xilinx:tag xilinx:name="ui.data.coregen.dd@2ae94b59_ARCHIVE_LOCATION">/home/maomao/Desktop/junior_IAP/FPGAIsing/projects/ip_repo/myip_1.0</xilinx:tag>
        <xilinx:tag xilinx:name="ui.data.coregen.dd@70eb3d7c_ARCHIVE_LOCATION">/home/maomao/Desktop/junior_IAP/FPGAIsing/projects/ip_repo/myip_1.0</xilinx:tag>
        <xilinx:tag xilinx:name="ui.data.coregen.dd@7fa325f5_ARCHIVE_LOCATION">/home/maomao/Desktop/junior_IAP/FPGAIsing/projects/ip_repo/myip_1.0</xilinx:tag>
        <xilinx:tag xilinx:name="ui.data.coregen.dd@486d353c_ARCHIVE_LOCATION">/home/maomao/Desktop/junior_IAP/FPGAIsing/projects/ip_repo/myip_1.0</xilinx:tag>
        <xilinx:tag xilinx:name="ui.data.coregen.dd@32d57c8b_ARCHIVE_LOCATION">/home/maomao/Desktop/junior_IAP/FPGAIsing/projects/ip_repo/myip_1.0</xilinx:tag>
        <xilinx:tag xilinx:name="ui.data.coregen.dd@7ea324e1_ARCHIVE_LOCATION">/home/maomao/Desktop/junior_IAP/FPGAIsing/projects/ip_repo/myip_1.0</xilinx:tag>
        <xilinx:tag xilinx:name="ui.data.coregen.dd@6bbf78cb_ARCHIVE_LOCATION">/home/maomao/Desktop/junior_IAP/FPGAIsing/projects/ip_repo/myip_1.0</xilinx:tag>
        <xilinx:tag xilinx:name="ui.data.coregen.dd@4a0e8a0_ARCHIVE_LOCATION">/home/maomao/Desktop/junior_IAP/FPGAIsing/projects/ip_repo/myip_1.0</xilinx:tag>
        <xilinx:tag xilinx:name="ui.data.coregen.dd@4b8f4fe_ARCHIVE_LOCATION">/home/maomao/Desktop/junior_IAP/FPGAIsing/projects/ip_repo/myip_1.0</xilinx:tag>
        <xilinx:tag xilinx:name="ui.data.coregen.dd@2cbf8e54_ARCHIVE_LOCATION">/home/maomao/Desktop/junior_IAP/FPGAIsing/projects/ip_repo/myip_1.0</xilinx:tag>
        <xilinx:tag xilinx:name="ui.data.coregen.dd@7974ea03_ARCHIVE_LOCATION">/home/maomao/Desktop/junior_IAP/FPGAIsing/projects/ip_repo/myip_1.0</xilinx:tag>
        <xilinx:tag xilinx:name="ui.data.coregen.dd@c4b401b_ARCHIVE_LOCATION">/home/maomao/Desktop/junior_IAP/FPGAIsing/projects/ip_repo/myip_1.0</xilinx:tag>
        <xilinx:tag xilinx:name="ui.data.coregen.dd@1679c69c_ARCHIVE_LOCATION">/home/maomao/Desktop/junior_IAP/FPGAIsing/projects/ip_repo/myip_1.0</xilinx:tag>
        <xilinx:tag xilinx:name="ui.data.coregen.dd@34728b5_ARCHIVE_LOCATION">/home/maomao/Desktop/junior_IAP/FPGAIsing/projects/ip_repo/myip_1.0</xilinx:tag>
        <xilinx:tag xilinx:name="ui.data.coregen.dd@4bde7941_ARCHIVE_LOCATION">/home/maomao/Desktop/junior_IAP/FPGAIsing/projects/ip_repo/myip_1.0</xilinx:tag>
        <xilinx:tag xilinx:name="ui.data.coregen.dd@6ebf318c_ARCHIVE_LOCATION">/home/maomao/Desktop/junior_IAP/FPGAIsing/projects/ip_repo/myip_1.0</xilinx:tag>
        <xilinx:tag xilinx:name="ui.data.coregen.dd@63d943fc_ARCHIVE_LOCATION">/home/maomao/Desktop/junior_IAP/FPGAIsing/projects/ip_repo/myip_1.0</xilinx:tag>
        <xilinx:tag xilinx:name="ui.data.coregen.dd@77078d09_ARCHIVE_LOCATION">/home/maomao/Desktop/junior_IAP/FPGAIsing/projects/ip_repo/myip_1.0</xilinx:tag>
        <xilinx:tag xilinx:name="ui.data.coregen.dd@48e5fe6b_ARCHIVE_LOCATION">/home/maomao/Desktop/junior_IAP/FPGAIsing/projects/ip_repo/myip_1.0</xilinx:tag>
        <xilinx:tag xilinx:name="ui.data.coregen.dd@7d638686_ARCHIVE_LOCATION">/home/maomao/Desktop/junior_IAP/FPGAIsing/projects/ip_repo/myip_1.0</xilinx:tag>
        <xilinx:tag xilinx:name="ui.data.coregen.dd@5e4888bd_ARCHIVE_LOCATION">/home/maomao/Desktop/junior_IAP/FPGAIsing/projects/ip_repo/myip_1.0</xilinx:tag>
        <xilinx:tag xilinx:name="ui.data.coregen.dd@257777e4_ARCHIVE_LOCATION">/home/maomao/Desktop/junior_IAP/FPGAIsing/projects/ip_repo/myip_1.0</xilinx:tag>
        <xilinx:tag xilinx:name="ui.data.coregen.dd@5646bd91_ARCHIVE_LOCATION">/home/maomao/Desktop/junior_IAP/FPGAIsing/projects/ip_repo/myip_1.0</xilinx:tag>
        <xilinx:tag xilinx:name="ui.data.coregen.dd@4a43d693_ARCHIVE_LOCATION">/home/maomao/Desktop/junior_IAP/FPGAIsing/projects/ip_repo/myip_1.0</xilinx:tag>
        <xilinx:tag xilinx:name="ui.data.coregen.dd@c776261_ARCHIVE_LOCATION">/home/maomao/Desktop/junior_IAP/FPGAIsing/projects/ip_repo/myip_1.0</xilinx:tag>
        <xilinx:tag xilinx:name="ui.data.coregen.dd@619283d9_ARCHIVE_LOCATION">/home/maomao/Desktop/junior_IAP/FPGAIsing/projects/ip_repo/myip_1.0</xilinx:tag>
      </xilinx:tags>
    </xilinx:coreExtensions>
    <xilinx:packagingInfo>
      <xilinx:xilinxVersion>2018.3</xilinx:xilinxVersion>
      <xilinx:checksum xilinx:scope="busInterfaces" xilinx:value="658a9dcf"/>
      <xilinx:checksum xilinx:scope="memoryMaps" xilinx:value="ed1368d5"/>
      <xilinx:checksum xilinx:scope="fileGroups" xilinx:value="8521f376"/>
      <xilinx:checksum xilinx:scope="ports" xilinx:value="e40987d2"/>
      <xilinx:checksum xilinx:scope="hdlParameters" xilinx:value="a0a6f17f"/>
      <xilinx:checksum xilinx:scope="parameters" xilinx:value="07da88f9"/>
    </xilinx:packagingInfo>
  </spirit:vendorExtensions>
</spirit:component>
